"BookingID";"Date";"StartTime";"EndTime";"Status";"TransactionID";"SlotID"
21;"2023-12-18";"15:30:00";"19:30:00";"Confirmed";100021;10401
22;"2023-12-19";"12:15:00";"16:15:00";"Pending";100022;10402
23;"2023-12-20";"10:00:00";"14:00:00";"Cancelled";100023;10403
24;"2023-12-21";"14:45:00";"18:45:00";"Confirmed";100024;10404
25;"2023-12-22";"11:30:00";"15:30:00";"Pending";100025;10405
26;"2023-12-23";"09:15:00";"13:15:00";"Cancelled";100026;10406
27;"2023-12-24";"13:00:00";"17:00:00";"Confirmed";100027;10407
28;"2023-12-25";"10:45:00";"14:45:00";"Pending";100028;10408
29;"2023-12-26";"12:30:00";"16:30:00";"Cancelled";100029;10409
30;"2023-12-27";"16:15:00";"20:15:00";"Confirmed";100030;10410
31;"2023-12-28";"11:00:00";"15:00:00";"Pending";100031;10601
32;"2023-12-29";"09:45:00";"13:45:00";"Cancelled";100032;10602
33;"2023-12-30";"14:30:00";"18:30:00";"Confirmed";100033;10603
34;"2023-12-31";"12:15:00";"16:15:00";"Pending";100034;10604
35;"2024-01-01";"10:00:00";"14:00:00";"Cancelled";100035;10605
36;"2024-01-02";"13:45:00";"17:45:00";"Confirmed";100036;10606
37;"2024-01-03";"11:30:00";"15:30:00";"Pending";100037;10607
38;"2024-01-04";"09:15:00";"13:15:00";"Cancelled";100038;10608
39;"2024-01-05";"13:00:00";"17:00:00";"Confirmed";100039;10609
40;"2024-01-06";"10:45:00";"14:45:00";"Pending";100040;10610
41;"2024-01-07";"12:30:00";"16:30:00";"Cancelled";100041;10801
42;"2024-01-08";"16:15:00";"20:15:00";"Confirmed";100042;10802
43;"2024-01-09";"11:00:00";"15:00:00";"Pending";100043;10803
44;"2024-01-10";"09:45:00";"13:45:00";"Cancelled";100044;10804
45;"2024-01-11";"14:30:00";"18:30:00";"Confirmed";100045;10805
46;"2024-01-12";"12:15:00";"16:15:00";"Pending";100046;10806
47;"2024-01-13";"10:00:00";"14:00:00";"Cancelled";100047;10807
48;"2024-01-14";"13:45:00";"17:45:00";"Confirmed";100048;10808
49;"2024-01-15";"11:30:00";"15:30:00";"Pending";100049;10809
50;"2024-01-16";"09:15:00";"13:15:00";"Cancelled";100050;10810
51;"2024-01-17";"13:00:00";"17:00:00";"Confirmed";100051;11001
52;"2024-01-18";"10:45:00";"14:45:00";"Pending";100052;11002
53;"2024-01-19";"12:30:00";"16:30:00";"Cancelled";100053;11003
54;"2024-01-20";"16:15:00";"20:15:00";"Confirmed";100054;11004
55;"2024-01-21";"11:00:00";"15:00:00";"Pending";100055;11005
56;"2024-01-22";"09:45:00";"13:45:00";"Cancelled";100056;11006
57;"2024-01-23";"14:30:00";"18:30:00";"Confirmed";100057;11007
58;"2024-01-24";"12:15:00";"16:15:00";"Pending";100058;11008
59;"2024-01-25";"10:00:00";"14:00:00";"Cancelled";100059;11009
60;"2024-01-26";"13:45:00";"17:45:00";"Confirmed";100060;11008
81;"2024-04-01";"11:30:00";"15:30:00";"Pending";980018;10808
82;"2024-04-02";"09:15:00";"13:15:00";"Cancelled";980019;10809
83;"2024-04-03";"13:00:00";"17:00:00";"Confirmed";980020;10810
84;"2024-04-04";"10:45:00";"14:45:00";"Pending";980021;11001
85;"2024-04-05";"12:30:00";"16:30:00";"Cancelled";980022;11002
86;"2024-04-06";"16:15:00";"20:15:00";"Confirmed";980023;11003
87;"2024-04-07";"11:00:00";"15:00:00";"Pending";980024;11004
88;"2024-04-08";"09:45:00";"13:45:00";"Cancelled";980025;11005
89;"2024-04-09";"14:30:00";"18:30:00";"Confirmed";980026;11006
90;"2024-04-10";"12:15:00";"16:15:00";"Pending";980027;11007
91;"2024-04-11";"10:00:00";"14:00:00";"Cancelled";980028;11008
92;"2024-04-12";"13:45:00";"17:45:00";"Confirmed";980029;11009
93;"2024-04-13";"11:30:00";"15:30:00";"Pending";980030;11010
94;"2024-04-14";"09:15:00";"13:15:00";"Cancelled";980031;10201
95;"2024-04-15";"13:00:00";"17:00:00";"Confirmed";980032;10202
96;"2024-04-16";"10:45:00";"14:45:00";"Pending";980033;10203
97;"2024-04-17";"12:30:00";"16:30:00";"Cancelled";980034;10204
98;"2024-04-18";"16:15:00";"20:15:00";"Confirmed";980035;10205
99;"2024-04-19";"11:00:00";"15:00:00";"Pending";980036;10206
100;"2024-04-20";"09:45:00";"13:45:00";"Cancelled";980037;10207
101;"2024-04-21";"14:30:00";"18:30:00";"Confirmed";980038;10208
102;"2024-04-22";"12:15:00";"16:15:00";"Pending";980039;10209
103;"2024-04-23";"10:00:00";"14:00:00";"Cancelled";980040;10210
104;"2024-04-24";"13:45:00";"17:45:00";"Confirmed";980041;10401
105;"2024-04-25";"11:30:00";"15:30:00";"Pending";980042;10402
106;"2024-04-26";"09:15:00";"13:15:00";"Cancelled";980043;10403
107;"2024-04-27";"14:00:00";"18:00:00";"Confirmed";980044;10404
108;"2024-04-28";"10:45:00";"14:45:00";"Pending";980045;10405
109;"2024-04-29";"12:30:00";"16:30:00";"Cancelled";980046;10406
110;"2024-04-30";"16:15:00";"20:15:00";"Confirmed";980047;10407
111;"2024-05-01";"11:00:00";"15:00:00";"Pending";980048;10408
112;"2024-05-02";"09:45:00";"13:45:00";"Cancelled";980049;10409
113;"2024-05-03";"14:30:00";"18:30:00";"Confirmed";980050;10410
114;"2024-05-04";"12:15:00";"16:15:00";"Pending";980051;10601
115;"2024-05-05";"10:00:00";"14:00:00";"Cancelled";980052;10602
116;"2024-05-06";"13:45:00";"17:45:00";"Confirmed";980053;10603
117;"2024-05-07";"11:30:00";"15:30:00";"Pending";980054;10604
118;"2024-05-08";"09:15:00";"13:15:00";"Cancelled";980055;10605
119;"2024-05-09";"14:00:00";"18:00:00";"Confirmed";980056;10606
120;"2024-05-10";"10:45:00";"14:45:00";"Pending";980057;10607
121;"2024-05-11";"12:30:00";"16:30:00";"Cancelled";980058;10608
122;"2024-05-12";"16:15:00";"20:15:00";"Confirmed";980059;10609
123;"2024-05-13";"11:00:00";"15:00:00";"Pending";980060;10610
124;"2024-05-14";"09:45:00";"13:45:00";"Cancelled";980061;10801
125;"2024-05-15";"14:30:00";"18:30:00";"Confirmed";980062;10802
126;"2024-05-16";"12:15:00";"16:15:00";"Pending";980063;10803
127;"2024-05-17";"10:00:00";"14:00:00";"Cancelled";980064;10804
128;"2024-05-18";"13:45:00";"17:45:00";"Confirmed";980065;10805
129;"2024-05-19";"11:30:00";"15:30:00";"Pending";980066;10806
130;"2024-05-20";"09:15:00";"13:15:00";"Cancelled";980067;10807
131;"2024-05-21";"14:00:00";"18:00:00";"Confirmed";980068;10808
132;"2024-05-22";"10:45:00";"14:45:00";"Pending";980069;10809
133;"2024-05-23";"12:30:00";"16:30:00";"Cancelled";980070;10810
134;"2024-05-24";"16:15:00";"20:15:00";"Confirmed";980071;11001
135;"2024-05-25";"11:00:00";"15:00:00";"Pending";980072;11002
136;"2024-05-26";"09:45:00";"13:45:00";"Cancelled";980073;11003
137;"2024-05-27";"14:30:00";"18:30:00";"Confirmed";980074;11004
138;"2024-05-28";"12:15:00";"16:15:00";"Pending";980075;11005
139;"2024-05-29";"10:00:00";"14:00:00";"Cancelled";980076;11006
140;"2024-05-30";"13:45:00";"17:45:00";"Confirmed";980077;11007
141;"2024-06-01";"11:30:00";"15:30:00";"Pending";980078;11008
142;"2024-06-02";"09:15:00";"13:15:00";"Cancelled";980079;11009
143;"2024-06-03";"14:00:00";"18:00:00";"Confirmed";980080;11010
144;"2024-06-04";"10:45:00";"14:45:00";"Pending";980081;10201
145;"2024-06-05";"12:30:00";"16:30:00";"Cancelled";980082;10202
146;"2024-06-06";"16:15:00";"20:15:00";"Confirmed";980083;10203
147;"2024-06-07";"11:00:00";"15:00:00";"Pending";980084;10204
148;"2024-06-08";"09:45:00";"13:45:00";"Cancelled";980085;10205
149;"2024-06-09";"14:30:00";"18:30:00";"Confirmed";980086;10206
150;"2024-06-10";"12:15:00";"16:15:00";"Pending";980087;10207
151;"2024-06-11";"10:00:00";"14:00:00";"Confirmed";980088;10208
152;"2024-06-12";"12:45:00";"16:45:00";"Pending";980089;10209
153;"2024-06-13";"15:30:00";"19:30:00";"Cancelled";980090;10210
154;"2024-06-14";"11:15:00";"15:15:00";"Confirmed";980091;10401
155;"2024-06-15";"09:00:00";"13:00:00";"Pending";980092;10402
156;"2024-06-16";"13:45:00";"17:45:00";"Cancelled";980093;10403
157;"2024-06-17";"16:30:00";"20:30:00";"Confirmed";980094;10404
158;"2024-06-18";"12:15:00";"16:15:00";"Pending";980095;10405
159;"2024-06-19";"10:00:00";"14:00:00";"Cancelled";980096;10406
160;"2024-06-20";"14:45:00";"18:45:00";"Confirmed";980097;10407
161;"2024-06-21";"09:30:00";"13:30:00";"Pending";980098;10408
162;"2024-06-22";"13:15:00";"17:15:00";"Cancelled";980099;10409
163;"2024-06-23";"16:00:00";"20:00:00";"Confirmed";980100;10410
164;"2024-06-24";"11:45:00";"15:45:00";"Pending";980101;10601
165;"2024-06-25";"09:30:00";"13:30:00";"Cancelled";980102;10602
166;"2024-06-26";"13:15:00";"17:15:00";"Confirmed";980103;10603
167;"2024-06-27";"16:00:00";"20:00:00";"Pending";980104;10604
168;"2024-06-28";"11:45:00";"15:45:00";"Cancelled";980105;10605
169;"2024-06-29";"09:30:00";"13:30:00";"Confirmed";980106;10606
170;"2024-06-30";"13:15:00";"17:15:00";"Pending";980107;10607
