"TransactionID";"Date";"Time";"PaymentStatus";"Amount";"MemberID"
100021;"2023-02-20";"14:30:00";"Success";10.0;1001
100022;"2023-02-21";"15:45:00";"Success";12.5;1002
100023;"2023-02-22";"16:15:00";"Pending";10.0;1003
100024;"2023-02-23";"17:00:00";"Success";12.5;1004
100025;"2023-02-24";"18:20:00";"Pending";10.0;1005
100026;"2023-02-25";"19:10:00";"Success";12.5;1006
100027;"2023-02-26";"20:30:00";"Success";10.0;1007
100028;"2023-02-27";"21:45:00";"Pending";12.5;1008
100029;"2023-02-28";"22:15:00";"Success";10.0;1009
100030;"2023-03-01";"23:00:00";"Success";12.5;1010
100031;"2023-03-02";"14:30:00";"Success";10.0;1011
100032;"2023-03-03";"15:45:00";"Success";12.5;1012
100033;"2023-03-04";"16:15:00";"Pending";10.0;1013
100034;"2023-03-05";"17:00:00";"Success";12.5;1014
100035;"2023-03-06";"18:20:00";"Pending";10.0;1015
100036;"2023-03-07";"19:10:00";"Success";12.5;1016
100037;"2023-03-08";"20:30:00";"Success";10.0;1017
100038;"2023-03-09";"21:45:00";"Pending";12.5;1018
100039;"2023-03-10";"22:15:00";"Success";10.0;1019
100040;"2023-03-11";"23:00:00";"Success";12.5;1020
100041;"2023-03-12";"14:30:00";"Success";10.0;1021
100042;"2023-03-13";"15:45:00";"Pending";12.5;1022
100043;"2023-03-14";"16:15:00";"Success";10.0;1023
100044;"2023-03-15";"17:00:00";"Pending";12.5;1024
100045;"2023-03-16";"18:20:00";"Success";10.0;1025
100046;"2023-03-17";"19:10:00";"Success";12.5;1026
100047;"2023-03-18";"20:30:00";"Success";10.0;1027
100048;"2023-03-19";"21:45:00";"Pending";12.5;1028
100049;"2023-03-20";"22:15:00";"Success";10.0;1029
100050;"2023-03-21";"23:00:00";"Success";12.5;1030
100051;"2023-03-22";"14:30:00";"Success";10.0;1031
100052;"2023-03-23";"15:45:00";"Pending";12.5;1033
100053;"2023-03-24";"16:20:00";"Success";10.0;1034
100054;"2023-03-25";"17:10:00";"Success";12.5;1035
100055;"2023-03-26";"18:30:00";"Pending";10.0;1036
100056;"2023-03-27";"19:15:00";"Success";12.5;1037
100057;"2023-03-28";"20:35:00";"Success";10.0;1038
100058;"2023-03-29";"21:50:00";"Pending";12.5;1039
100059;"2023-03-30";"22:20:00";"Success";10.0;1040
100060;"2023-03-31";"23:05:00";"Success";12.5;1041
980018;"2023-04-01";"14:35:00";"Success";10.0;1042
980019;"2023-04-02";"15:50:00";"Pending";12.5;1043
980020;"2023-04-03";"16:25:00";"Success";10.0;1044
980021;"2023-04-04";"17:40:00";"Success";12.5;1045
980022;"2023-04-05";"18:55:00";"Pending";10.0;1046
980023;"2023-04-06";"19:30:00";"Success";12.5;1047
980024;"2023-04-07";"20:45:00";"Success";10.0;1048
980025;"2023-04-08";"21:20:00";"Pending";12.5;1049
980026;"2023-04-09";"22:35:00";"Success";10.0;1050
980027;"2023-04-10";"23:50:00";"Success";12.5;1051
980028;"2023-04-11";"14:30:00";"Success";10.0;1001
980029;"2023-04-12";"15:45:00";"Success";12.5;1002
980030;"2023-04-13";"16:15:00";"Pending";10.0;1003
980031;"2023-04-14";"17:00:00";"Success";12.5;1004
980032;"2023-04-15";"18:20:00";"Pending";10.0;1005
980033;"2023-04-16";"19:10:00";"Success";12.5;1006
980034;"2023-04-17";"20:30:00";"Success";10.0;1007
980035;"2023-04-18";"21:45:00";"Pending";12.5;1008
980036;"2023-04-19";"22:15:00";"Success";10.0;1009
980037;"2023-04-20";"23:00:00";"Success";12.5;1010
980038;"2023-04-21";"14:30:00";"Success";10.0;1011
980039;"2023-04-22";"15:45:00";"Success";12.5;1012
980040;"2023-04-23";"16:15:00";"Pending";10.0;1013
980041;"2023-04-24";"17:00:00";"Success";12.5;1014
980042;"2023-04-25";"18:20:00";"Pending";10.0;1015
980043;"2023-04-26";"19:10:00";"Success";12.5;1016
980044;"2023-04-27";"20:30:00";"Success";10.0;1017
980045;"2023-04-28";"21:45:00";"Pending";12.5;1018
980046;"2023-04-29";"22:15:00";"Success";10.0;1019
980047;"2023-04-30";"23:00:00";"Success";12.5;1020
980048;"2023-05-01";"14:30:00";"Success";10.0;1021
980049;"2023-05-02";"15:45:00";"Pending";12.5;1022
980050;"2023-05-03";"16:15:00";"Success";10.0;1023
980051;"2023-05-04";"17:00:00";"Pending";12.5;1024
980052;"2023-05-05";"18:20:00";"Success";10.0;1025
980053;"2023-05-06";"19:10:00";"Success";12.5;1026
980054;"2023-05-07";"20:30:00";"Success";10.0;1027
980055;"2023-05-08";"21:45:00";"Pending";12.5;1028
980056;"2023-05-09";"22:15:00";"Success";10.0;1029
980057;"2023-05-10";"23:00:00";"Success";12.5;1030
980058;"2023-05-11";"14:30:00";"Success";10.0;1031
980059;"2023-05-12";"15:45:00";"Pending";12.5;1033
980060;"2023-05-13";"16:20:00";"Success";10.0;1034
980061;"2023-05-14";"17:10:00";"Success";12.5;1035
980062;"2023-05-15";"18:30:00";"Pending";10.0;1036
980063;"2023-05-16";"19:15:00";"Success";12.5;1037
980064;"2023-05-17";"20:35:00";"Success";10.0;1038
980065;"2023-05-18";"21:50:00";"Pending";12.5;1039
980066;"2023-05-19";"22:20:00";"Success";10.0;1040
980067;"2023-05-20";"23:05:00";"Success";12.5;1041
980068;"2023-05-21";"14:35:00";"Success";10.0;1042
980069;"2023-05-22";"15:50:00";"Pending";12.5;1043
980070;"2023-05-23";"16:25:00";"Success";10.0;1044
980071;"2023-05-24";"17:40:00";"Success";12.5;1045
980072;"2023-05-25";"18:55:00";"Pending";10.0;1046
980073;"2023-05-26";"19:30:00";"Success";12.5;1047
980074;"2023-05-27";"20:45:00";"Success";10.0;1048
980075;"2023-05-28";"21:20:00";"Pending";12.5;1049
980076;"2023-05-29";"22:35:00";"Success";10.0;1050
980077;"2023-05-30";"23:50:00";"Success";12.5;1051
980078;"2023-05-31";"14:30:00";"Success";10.0;1001
980079;"2023-06-01";"15:45:00";"Success";12.5;1002
980080;"2023-06-02";"16:15:00";"Pending";10.0;1003
980081;"2023-06-03";"17:00:00";"Success";12.5;1004
980082;"2023-06-04";"18:20:00";"Pending";10.0;1005
980083;"2023-06-05";"19:10:00";"Success";12.5;1006
980084;"2023-06-06";"20:30:00";"Success";10.0;1007
980085;"2023-06-07";"21:45:00";"Pending";12.5;1008
980086;"2023-06-08";"22:15:00";"Success";10.0;1009
980087;"2023-06-09";"23:00:00";"Success";12.5;1010
980088;"2023-06-10";"14:30:00";"Success";10.0;1011
980089;"2023-06-11";"15:45:00";"Success";12.5;1012
980090;"2023-06-12";"16:15:00";"Pending";10.0;1013
980091;"2023-06-13";"17:00:00";"Success";12.5;1014
980092;"2023-06-14";"18:20:00";"Pending";10.0;1015
980093;"2023-06-15";"19:10:00";"Success";12.5;1016
980094;"2023-06-16";"20:30:00";"Success";10.0;1017
980095;"2023-06-17";"21:45:00";"Pending";12.5;1018
980096;"2023-06-18";"22:15:00";"Success";10.0;1019
980097;"2023-06-19";"23:00:00";"Success";12.5;1020
980098;"2023-06-20";"14:30:00";"Success";10.0;1021
980099;"2023-06-21";"15:45:00";"Pending";12.5;1022
980100;"2023-06-22";"16:15:00";"Success";10.0;1023
980101;"2023-06-23";"17:00:00";"Pending";12.5;1024
980102;"2023-06-24";"18:20:00";"Success";10.0;1025
980103;"2023-06-25";"19:10:00";"Success";12.5;1026
980104;"2023-06-26";"20:30:00";"Success";10.0;1027
980105;"2023-06-27";"21:45:00";"Pending";12.5;1028
980106;"2023-06-28";"22:15:00";"Success";10.0;1029
980107;"2023-06-29";"23:00:00";"Success";12.5;1030
